﻿BugType;ShortDesc
0;Internalize handling of JSON formatted trace fragments into base/debug/trace_event API
0;aura_unittests hangs on linux
0;Leaks in CERT_DupCertificate
0;Chrome: Crash Report - ExtensionInfoMap::BindingsDisabledForProcess(int)
1;OOB read in WebM/vorbis vorbis_decode_frame()
1;OOB read in media::ScaleYUVToRGB32
1;Failure to infobar JRE7
0;chrome://settings/syncSetup navigates to wrong URL
0;Change EXTENSION_PROCESS_CREATED notification to EXTENSION_HOST_CREATED
0;Change Learn More target on Confirm Sync Preferences page
1;Security: iFrame SandBox Unique Origin not enforced in extensions
0;Plugin instance-broker pipe cannot be created on Windows
1;v8_i18n::BCP47ToICUFormat() - crash
0;interactive_ui tests failing under Aura
0;IndexedDB: Crashes in IPC during rapid page-cycling
0;Lion dictionary popup is not closed when closing a tab with cmd-W
1;Stack-buffer-overflow in base::files::(anonymous namespace)::InotifyReaderTask::Run
0;Convert Canvas::DrawString*() to draw text via skia.
0;Add command buffer support for GL_ANGLE_texture_usage and GL_EXT_texture_storage
0;Manifest object leak in Extension::Create() introduced in 112914
0;Java Bridge does not work when the renderer is run in-process
0;REGRESSION: Popup windows show up maximized
0;BrowserKeyEventsTest.AccessKeys failure on Aura
1;Heap-buffer-overflow in xmlStringLenDecodeEntities
1;Heap use after free with malware blocking page
1;SkMask::computeImageSize() integer overflow
0;Web app needs manifest_version to be set to 2
0;[uber page] Settings page simplification
0;Merge AsyncHostResolver into HostResolverImpl
0;IndexedDB should support storing File/Blob objects
0;libwebp: update snapshot to v0.1.3
1;Global-buffer-overflow in render_line
1;Security: Malicious extension could avoid being blacklisted via extension blacklist
1;Buffer overflow in browser process while de-serializing SkBitmap (heap overwrite)
1;IndexedDB with autoincrement fails on object put and crashes chrome
1;Security: Chrome Drag Spoofing
0;Frequent leak in WebCore::IDBKey::createString
1;safe_browsing::SignatureUtil::CheckSignature() - crash
1;Security: crash when viewing a certificate without issuer signature
0;Fix nits from the enable dynamic key pinning patch
0;race in ClientSocketPoolManagerImpl::ClientSocketPoolManagerImpl
1;Heap-buffer-overflow in xsltCompilePatternInternal
1;Heap-buffer-overflow in GPU ShaderTranslator
0;18.0.1010.0 fails to build because of webrtc
0;Keep missing plug-in infobar around during installation
0;Linux extension popups don't close on loss of focus/activation after right-click.
0;Pepper plugins can become stalled if the browser is using composited rendering, until some other content is rendered.
0;Build issues after clang roll, probably with the 10.6 sdk
0;Crash when reloading unpacked extension while browser button popup is open
0;Print Dialog appears beneath active windows
0;Need protocol support for string-valued positions for bookmarks
1;Security: Chrome translation script downloaded over HTTP
1;X509UserCertResourceHandler::OnResponseCompleted crash
1;Security: Heap-buffer-overflow in png_decompress_chunk
0;Test SyncScheduler POLL retry behaviour
0;remoting_unittests not run under aura
0;Task Manager: Page column should be called Task or Process
0;Cleanup fileapi code
0;clang style plugin doesn't warn about missing OVERRIDE for classes declared in .cc files
0;WebRTC app breaks on latest Canary
0;PanelOverflowBrowserTest.CreateOverflowPanels is timing out
0;[Aura] Change system colors
0;Chrome settings broken on ChromeOS
1;Heap-buffer-overflow in wk_png_inflate
0;Switch NaCl's PPAPI Proxy to use Chrome IPC and its IPC-based Proxy.
1;Chrome falls back to DIRECT connections once all proxies have failed.
0;search fails with error
1;Security: terminate busy loops on page transitions
0;"(in 2.6.3) ""Db copy"" feature always perform CREATE DATABASE"
1;Security: Bypass pop-up blocker using javascript: url in a pop-up.
0;(in 2.7.0) Chance you have found bug in the SQL parser
0;(in 2.7.0) Unable to change autoindex of InnoDB table
0;(ok 3.0) columns can not have empty string as default
1;Crash [@ 0xffffffff]
0;(in 2.7.1) config missing, non-user-friendly error
1;Security: Treat certificate signatures using weak signature algorithms as invalid
0;"(ok 2.8.0-beta2) \""Go back to this page\"" choice not sticky"
1;Chromium shouldn't allow XHR to local directories
0;(ok 2.8.1) Version number doesn\'t change after update
1;security: Content-Type: application/rss+xml being rendered as active content
1;Same Origin Policy Bypass via getSVGDocument() method.
0;"(ok 2.8.1) Underscore in only_db name causes \""No databases\"""
0;(ok 2.9.0) bigint auto_increment result error
0;(ok 2.9.2) broken cluster session wrappers
1;Chrome: Crash Report - Stack Signature: WebKit::WebURL::WebURL(WebKit::WebURL const &)-3DB0FD
0;(ok 2.10) Incorrect results display on import
0;(ok 2.9.1) Segmentation fault when exporting db structure
0;(ok 2.9.2) problem on 64-bit systems
0;Wrong DB table name  in left navigation panel
0;(ok 2.9.2) $is_binary is determined incorrectly
0;(ok 2.11) Error #1264 importing NULL values in MySQL 5.0
0;Export from SQL queries that contain functions fails
0;(ok 2.11) Cookies have to be deleted  on upgrade
0;Chrome responds to a SIGTERM as though it were a SIGKILL
0;(ok 2.11) Edit next row
1;Security: add other common HTML extensions to the dangerous extensions list
0;"(ok 2.10.3) Calendar \""Go\"" has no effect"
1;Security: Skia memory corruption with x<0 in SkA*_Blitter::blitH
0;svg/custom/svg-fonts-in-html.html FAIL
0;Plugins that crash during initialization hang the entire renderer
0;Next/Previous tab shortcuts (cmd-opt-arrow) go back/forward when content has focus
0;Add extensions menu item to wrench (linux)
0;(ok 2.11.2) Wrong database Size
0;ExtensionApiTest.BrowserActionPopup crashes randomly
0;Conflict between PHP myadmin and mysqladministratot
0;Login doesn't work on nginx
0;(ok 3.5) Page count of results wrong if LIMIT used in QUERY
0;SyncerThread should use MessageLoops
0;SyncerThread should use MessageLoops
0;Data export with SSO want flush data to browser
0;(ok 2.11.6) BIT defaults displayed incorrectly
0;Undefined index: crlf in export/sql.php on line 141
0;Crash on startup [@ nsXULDocument::OnStreamComplete(nsIStreamLoader*, nsISupports*, unsigned int, unsigned int, unsigned char const*)]
0;(ok 2.11.8) Data loss on import resubmit
0;(ok 2.11.9) pma doesn't start if ini_set() is disabled
0;(ok 3.0-beta) Unknown column 'Event_priv' in 'field list'
0;(ok 3.1) Can't edit row in VIEW
0;(ok 3.0.2) Leading newline truncated
0;(ok 3.0.0-rc3) Page number after database switching
0;(ok 3.0.1) SQL error after sorting a subset
0;"Multi-Record INSERT query produces ""cannot display the page"""
0;Status - Open Tables doesn't work
0;Crash - net::HttpStreamParser::DoSendBody
0;Crash - objc_msgSend in -[ChromeEventProcessingWindow sendEvent:]
0;Signon.auth.lib.php can cause dublicate session cookies
0;Checkbox Javascript and some Firefox extensions
0;(ok 3.1.4) Privileges SQL Error with MySQL 5.1.33
1;Security: Crash when opening a corrupted GIF image
0;Expose some i18n apis via Javascript for dom UI and extensions
1;[MD audit] [Window Sandbox] PreProcessName() Race Condition
0;(ok 3.2.1) Executed query not always displayed
0;Offer to copy the application out of the disk image if run from there
0;Autocomplete needs expire code
0;Cannot login when blowfish_secret very long
0;(ok 3.3.1) Editing long triggers
0;(ok 3.3.2) ODS import and accented characters
0;(ok 3.3.1) Potential information disclosure at login page
0;(ok 3.3.0-rc3) Import page not displaying due to fatal error
1;DNS queries not forwarded through SOCKS v5 proxies
1;Referer: header is sent when redirect from https to http
0;(ok 3.3.1) tbl_addfield.php required mootools-more.js
0;(ok 3.3.2) Import menu tab not present on main page
0;Once a folder is located in 'Other Bookmarks', user cannot move the folder out of 'Other Bookmarks'
0;(OK 3.3.3) Excel 97-2003 export omits data
1;Security SafeBrowsingService pure virtual function call and memory corruption
0;(ok 3.3.2) Wrong type of Uptime_since_flush_status
0;libbz2-dev to be added to the Linux Prerequisites page
0;Export with file option creates invalid commands
0;(ok 3.3.6) triggers not fetched if dbname has an hyphen
0;[Mac] missing focus ring in omnibox
0;"(ok 2.11.11) Incorrect ""Showing rows"""
0;(ok 3.3.8) USE query not working
0;Relation view on a table omits showing existing foreign keys
1;[MD audit] [RPC] More errors deserializing SkBitmaps!!
1;[MD audit] [RPC] More errors deserializing SkBitmaps!!
0;(ok 3.5.0) Page through rows returned from a view
0;(ok 3.4.0-alpha3) Ints shouldn't show .0 suffix
0;get reliability_tests archived by the builders
1;ChildProcessSecurityPolicy::CanRequestURL recusion stack exhaustion in URL parsing with nested protocols
0;#1064 bug in the SQL parser
0;(ok 3.4.0-beta3) Column headers not aligned
1;[MD audit] [plugins] Sandbox Violation: Raw pointer from renderer manipulated in plugin process
0;(ok 3.4) Importing/Exporting CSV defults to Semicolon
0;SyncerCommands need to make separate passes over data items for each model thread
0;Search text available outside of Incognito mode
0;(ok 3.4.0-beta4) bug in csv import functionality
0;nsTextFormatter::ssprintf adds extra '\0' to result
0;dateformat converter produces wrong display
0;Implement layoutTestController.setDomainRelaxationForbiddenForURLScheme(bool, string)
0;"Can't ""Open with"" files that are send as application/octet-stream (or other ""unknown to firefox"" mime types)"
0;(ok 3.4.2) Unnecessary Details slider
0;Problems with regexp parsing of '~' in nsIZipReader.findEntries (and other nsWildCard uses)
0;Page load time statistics should separate out back vs reload vs navigation
1;STS design questions around probing what sites a user has been to
0;turn warning on re-entry into frame construction into an assertion
1;"Security: ""Harmful websites"" are allowed to initiate downloads without user intervention."
0;ASSERTION: no frame, see bug #188946
0;"(ok 3.4.4) Missing ""Generate Password"" button"
0;(ok 3.4.5) Comment on a column breaks inline editing
0;Strange behavior of 'Edit Privileges' page
0;Mac: plugin-related file handle leak (in browser process)?
1;Regression:m7: Chrome Popup Blocker ByPass
0;Tabbing from <radio> or <textbox> with tabindex fails
0;(ok 3.5) isHttps function does not detect Front-End-Https
0;(ok 3.4.7) Links to PHP manual are broken
0;(ok 3.4.8) Visual column separation
0;Implement client sending HELLO Message
0;(ok 3.4.9)DB suggestion not correct for user with underscore
0;[Mac] Implement content settings UI
0;(ok 3.5.0-beta2) No warning on syntax error in search form 
0;(ok 4.0) reverting sort on joined column does not work
0;(ok 3.5.1)Error in create user + underscore +create database
0;X-WebKit-CSP Header breaks Safari
0;(ok 4.0) table with 700 columns causes crash
0;select in stored procedure returns error #1312
0;(ok 4.0.0-rc2) Incorrect listing of records from to count
0;(ok 4.0) Can not use LIKE statement for date fields
0;(ok 3.5.4) Incorrect imagejpeg Syntax Breaks Image Transf.
1;Bypass unsafe file types dialog using extra dots at end of file name.
0;(ok 4.0) Not possible to use LIKE on timestamps
0;Disable setting default browser for side by side install/update
0;segfault crash accessing wrappedJSObject for an nsISecurityCheckedComponent [@ nsScriptSecurityManager::CheckPropertyAccessImpl(unsigned int, nsAXPCNativeCallContext*, JSContext*, JSObject*, nsISupports*, nsIURI*, nsIClassInfo*, char const*, int, void**)
1;Omnibox visual spoofing with Japanese Maru
0;Tabbed bookmark manager should show chrome://bookmarks/ in the URL bar/Omnibox
0;Data race on boole in chrome/browser/sync/engine/syncer.cc
0;(ok 3.5.6) Editing a procedure with special characters
0;(ok 4.0.5) Exporting row selection after ORDER BY
0;(ok 3.5.8) Incorrect keyhandler behaviour #2
0;last-modified-date tests for bookmarks failing on Linux qm-rhel02 dep unit test
0;(ok 4.0) Table specific privileges not displayed for db name containing underscore
0;(ok 4.0) Add a credit section for documentation translators
0;IsDefaultSearchProvider and SetDefaultSearchProvider methods
0;Google Chrome & vsftpd 2.2.0
0;"(ok 4.0.0-rc2) ""check referential integrity"" broken across databases"
0;(ok 4.0.0-rc3) Documentation links broken in setup
0;Reenable BrowserActionsContainerTest.Visibility
0;(ok 4.0.1) Greyed out tabs when there are no rows
1;Plugins are not always blocked by content settings
0;(ok 4.0.8) Table grouping isn't implemented properly
0;[Linux] geolocation: implement the content settings exception dialog
0;Test content and geolocation settings for IDN
0;(ok 4.1.0-rc1) ORDER BY SUM(`field`) does not sort DESC
0;In modal dialog (window.open with modal=yes) child windows and dialogs do not populate with expected content
0;(ok 4.1) Headline in operations not readable in IE10
0;IPv6 probe (by default) on Windows is always disabling IPv6
1;Crash [@ GetChildListNameFor] with -moz-column, position:absolute
0;Download shelf items need tooltips
0;allow building jemalloc with VC9 SP1
1;Security: Permanent Clipboard Hijack
0;Double separator in context menu when selecting empty text & using iframes
1;Use after free in decompiler
0;Need to revert WebKit roll 58400:58407
0;Error: Token mismatch
0;[Bookmark Manager] Typing into the Searchbox of the Bookmark Manager is broken
1;Sandboxed iframes should not autocomplete/autofill unless allow-same-origin set
1;Mac sandbox allows calls to stat() on arbitrary paths.
0;windows that open already maximized will un-maximize to a teeny-tiny window in upper left.
0;GIS Visualization Extension does not work with PointFromText() function
1;[MD audit] Possible memory corruption with bad bitmap shared memory object in clipboard IPC
0;"Support the ""background"" permission in extensions"
0;bookmarks go here text doesn't go away when you add a bookmark!
0;top crash [@ nsCycleCollector::MarkRoots(GCGraphBuilder&)][@ nsBaseContentList::cycleCollection::Traverse(void*, nsCycleCollectionTraversalCallback&)]
0;Popup window and Dashboard compatibility
0;"Messages on the ""The page at chrome://extension..."" dialog box display garble"
0;Browser memory leak in 6.0.401.1
0;System-level toast should write client code to HKLM, not HKCU
0;Cookies not securely deleted from cookies.sqlite
0;bookmarks expansion broken when all items are put on a single toolbar
1;Redirect to mailto:address in linked image opens email editor
1;Browser crash @ RenderViewHost::FilesSelectedInChooser
1;Browser crash @ RenderViewHost::FilesSelectedInChooser
0;Crashes while scrolling [@ nsScrollPortView::IncrementalScroll()]
1;[FIX]code injection with Content-Type: application/octet-stream, embed and svg - no plugins required
1;Web pages should NOT be able to load resources if there are NO content scripts from that extension on the page
0;Leak in FcFontSort()
0;###!!! ASSERTION: Must have a principal: 'mOwner'
1;DoS by opening unlimited number of print dialogs
0;Add exit extent to app manifest
0;uncached non-utf8 document loads forever (hangs) with auto-detect -> universal
1;Double items in layout when alert() called from mutation event handler
1;Browser crash in WebSocket creation
1;Another crash [@ GetChildListNameFor] with -moz-column, position:absolute
1;Another crash [@ GetChildListNameFor] with -moz-column, position:absolute
0;Update Public Suffix (effective TLD) list (4)
0;Firefox Crash [@ nsWindow::GetParentWindow(int)]  & [@ nsBaseWidget::Destroy()]?
1;Browser crash after AppModalDialogQueue::ShowNextDialog
0;Unpacked extensions inadvertently enable plugins when reading chrome file at startup
0;"trunk build broken with ""libxul.so: hidden symbol `deflate' isn't defined"""
0;reftest fails when png image is displayed and compared to image created with tables and background colors
0;"X-FRAME-OPTIONS header against ""UI Redressing"" AKA Clickjacking"
1;Re-seed Math.random() for each window/frame/context
1;Crash [@ nsTextFrameUtils::TransformText] with MathML, lquote, CSS quotes property
0;"https webpage with data: images trigger a ""Page contains unencrypted information"" mixed content warning"
0;this.windowToFocus.content null in nsSessionStore.js
0;Mochitest bugs/test_bug479143.html runs fine but needs to check/report success
1;nsEditingSession.cpp uses InitWithFuncCallback in a suspicious way
0;crash [@ XPCJSRuntime::GCCallback(JSContext*,JSGCStatus)]
1;Incorrect eliding (windows), truncation(linux) for hostname in security information dialog
0;Verdana.ttf gets a very thick underline with spelling errors
0;Opening any pdf causes crash [@ libgobject-2.0.so.0.1600.6@0xca1a ] or [@ libgobject-2.0.so.0.1800.2@0xcf0a ] or [@ libgobject-2.0.so.0.2000.0@0xcf4a ]
0;"DOMUI: Implement ""Basics"" panel"
0;liboggplay failed to compile on OpenSolaris
1;Crash in third_party xdg_mime library when unable to handle long file paths
0;Crash in third_party xdg_mime library when unable to handle long file paths
0;Crash [@ ProcessKerningRun] with lots of web fonts
0;[HTML5] Land HTML5 parser on m-c preffed off
0;Workers: Don't compile script if the worker is already canceled.
0;JavaScript error: , line 0: uncaught exception: [Exception... Component returned failure code: 0x8007000e (NS_ERROR_OUT_OF_MEMORY) [nsIDOMJSWindow.openDialog]
1;Render crash in FormManager::FindCachedFormElement()
0;TM: Assertion failure: scope->shape == PCVCAP_SHAPE(entry->vcap), at /work/mozilla/builds/1.9.1-tracemonkey/mozilla/js/src/jstracer.cpp:7478
1;Crash [@ nsRootBoxFrame::RemoveFrame][@ nsFrame::Destroy][@@0x0 | nsFrameList::DestroyFrames()] with popup, menuitem and body onload removing window
0;nodesFromRect required for better usability on mobile devices
0;[10.6] Help menu does not include Apple search in non-English builds
1;XMLDocument::load() doesn't check nsIContentPolicy
0;It would be useful if XMLHttpRequest.send could take the data from nsIDOMFile parameter
0;AutoFill credit cards should be encrypted on Mac
1;nsObjectFrame doesn't properly handle NPP_New failing for NP_FULL [@libgobject-2.0.so.0.2000.1@0x29302 ]
0;Crash [@ nsFtpState::CanReadCacheEntry] with cursor that points to ftp and going offline
0;Scrollbar renders in wrong position when using -moz-transform
0;Crash [@ nsHTMLSourceElement::BindToTree] with source element as root
0;[MacOSX] mochitest-chrome: the 3 layout/base/tests/test_printpreview*.xul need to report 'todo'
0;Preferences-are-disabled-by-policy banner should be shown when password manger policy is set
0;unify font family/style management and matching across platforms
0;mochitest-plain: test_bug386782.html fails intermittently
0;Can queue 2*OGGPLAY_BUFFER_SIZE frames
0;uniform access to private slots
1;X509Certificate::Cache usage pattern may result in use after free
0;Crash [@ memmove | nsTArray_base::ShiftData | nsXULDocument::ResolveForwardReferences] with overlay, observes, event handlers removing window and xmlhttprequest
0;Update shipped copy of blocklist.xml
0;toolbarbutton image transparency/anti-aliasing should accommodate different background colors
0;Internet connection should be initiated if needed
1;Crash [@ nsTextControlFrame::CalcIntrinsicSize] with execCommand inserthtml {ib} and undo
0;TM: Censor block objects in addition to call objects when accessing 'this'
0;Add ability to move tabs between normal and popup windows
0;TM: deallocate LIR buffer after compilation if we don't plan on recompiling a tree
1;GTK message dialogs do not properly wrap overly long words or elide many short lines in js modal dialog
0;"No UI for ""privacy.cpd.passwords/offlineApps"" pref (if set, clears all saved passwords and offline apps data on 'clear recent history')"
0;TM: Handle CASE_EXIT like BRANCH_EXIT in js_RecordLoopEdge
0;Repaint issue when I open a sidebar
0;TM: If the result of a demoted multiplication is 0, must undemote or we lose -0
0;AIX support for media/libsydneyaudio
0;Cannot convert WrappedNative to function (NS_ERROR_XPC_CANT_CONVERT_WN_TO_FUN)
1;"ASSERTION: not an element node: 'element' with execCommand(""outdent""), combining acute accent"
1;ASSERTION: invalid array index with overflow:scroll, float:left, text-transform, changing style
0;liboggz seeking bisection is inaccurate
0;TM: GetMethod shouldn't detect
1;"Crash [@ nsXBLBinding::GenerateAnonymousContent] with DOMAttrModified and oncommand removing element and xbl:inherits=""xbl:text"""
0;Assertion failure: JSVAL_IS_VOID(STOBJ_GET_SLOT(obj, scope->freeslot)), at ../jsobj.cpp:3446
0;expose NODE_CHILD_OF relation for ARIA treegrids on rows
0;Setting javascript.options from tests still broken
0;"Property access on ""DOMMouseScroll"" events does not propagate to `Event.prototype`"
0;back out bug 431098
0;Support packaging WinCE Firefox builds as zip, complete.mar
0;safe browsing requests shouldn't be placed in disk cache
0;Unwanted horizontal scrollbars on Google Reader
1;Use after free of notification presenter when opening window is closed and notification is cancelled
0;replace JSStringBuffer/JSCharBuffer with JSTempVector
1;Requests using IPv6 hostname syntax through HTTP proxies may generate errors
0;Arbitrary code execution with Firebug XMLHttpRequestSpy
0;Unify GoogleServiceAuthError and GaiaAuthError
0;Crash [@ nsGenericElement::cycleCollection::Traverse] with focus() method, popup, menulist, treecols
1;Browser crash @ TabContents::ExpireInfoBars
0;Merge tamarin's CodeAlloc into tracemonkey
0;crash (segfault) @ oggplay_data_handle_theora_frame (memcpy) when playing corrupted ogg theora file
0;crash (segfault) @ oc_sb_create_plane_mapping when playing corrupted ogg theora file
1;XSS due to window.dialogArguments accessible cross-domain (MSVR-09-0047 / ZDI-CAN-535)
1;Crash when closing chrome - BalloonViewImpl::DelayedClose
0;TM: Trace JSOP_NAME for returned closures
0;Download Manager opens 'Blank' - intermittent - Error: gStr.timeUnits is undefined and download is null
0;Add a method to get jsdIValue from JS implemented event listeners
0;resizing planet page very slow on trunk
0;"TM: Crash [@ nanojit::Assembler::findRegFor] or ""Assertion failure: s0->isQuad(), at ../jstracer.cpp"""
0;focus is fired earlier than root accessible name is changed when switching between tabs
0;"initializeSanitizer() can fail because ""gPrefService.getBranch is not a function"""
1;Firefox crashes upon closing when selecting display:block for everything (* selector) in CSS with Firebug in [@ @0x0 | @0x349d7ff][@ @0x0 - nsLineLayout::ReflowFrame]
0;Support for asynchronous file data access
0;Remove 'WINDOWS16' (support) code everywhere
0;Crash [@ nsSprocketLayout::PopulateBoxSizes] with object and position:absolute overflow:scroll in binding
0;TM: Fix stack arithmetic for deeply nested closures
0;"Add Ability to Change ""Firefox as your default browser"" and inform of upgrade on Summary step"
0;ASSERTION: Unexpected empty overflow list and more with -moz-column crashtest
1;Crash [@ js_ValueToString]
0;clean up joinEdgesToEntry
0;Crashes [@objc_msgSend | IdleTimerVector ] (OS X) caused by WebKit used by Carbon plugin (DivXBrowserPlugin)
0;Enable FIPS throws uncaught exception in toggleFIPS
0;tab close buttons disappear when closing the first tab
0;test_null_interfaces.js asserts in debug builds
0;Arguments objects are not populated when leaving a function on trace
0;Assertion failure: pn->pn_type != TOK_COMMA, at ../jsemit.cpp
0;TM: LirNameMap must be reset after flushing allocator
1;Crash [@ nsViewManager::CreateView][@ nsCSSFrameConstructor::AddFrameConstructionItemsInternal] on closing print preview with -moz-transform, position: fixed table displays
0;NJ merge: grab bag of formatting churn
0;TM: more Allocator merge fallout in jsregexp.cpp
0;NJ merge: Convert LabelMap to HashMap<> and Allocator
0;JS fails to build in debug config in scratchbox
0;NJ merge: allocate LirBuffer with Allocator instead of GC, don't extend GCFinalizedObject
0;Window is not un-minimized from Dock when selected in the Window menu
0;[wince/arm]: math-partial-sums generates Underflow Exception
0;"Add ""Clear Browsing data""(cmd+shift+del or bkspc) shortcut key to Wrench/Tools menu"
0;remove unneeded CSS and image data for toolbar buttons that are always enabled
0;support for sizemode=fullscreen on gtk2
0;mingw compilation failure in widget/src/windows/WindowHook.h
0;On switching back from Tag-view to Normal- or Pre-view the tags are not removed
1;Another Windows kernel bug in the CFF font parser
0;nsICanvasGLPrivate should be built conditionally depending on MOZ_ENABLE_CANVAS3D
0;Select getc/getc_unlocked/_getc_nolock in autoconf
0;getting NPNVPluginElementNPObject fails
0;OnPaintImageDDraw16 repaints the entire screen on every call
0;last page not removed from history upon close of browser
0;Include nsBrowserStatusFilter.cpp in Thunderbird's components list
0;Move 1.9.2 branch to NSS 3_12_4_RTM
1;Plain-text information leak of https://user:password due to autosuggest
0;Need events for window activation / deactivation
0;downloading file with RTL override (RLO) presents conflicting filenames
0;TM: fast path for writing a double into an array
0;make nsZipItems point at ZipCentral references to mmapped jar area(lazy jar parsing)
0;"Crash [@ QuoteString] or [@ js_HashString] or ""Assertion failure: (*flagp & GCF_FINAL) == 0, at ../jsgc.cpp"""
0;"TM: Crash [@ nanojit::Assembler::freeRsrcOf] or ""Assertion failed: p->isQuad() (../nanojit/Nativei386.cpp:1325)"" or ""Assertion failure: s0->isQuad(), at ../jstracer.cpp"" or ""Assertion failure: m != TT_INT32 || isInt32(*vp), at ../jstracer.cpp"" with Math"
0;NJ merge: more Fragment cleanups
0;Implement accelerometer support for Linux and Maemo
0;Can't set focus to document via accessibility APIs while Adobe Flash plugin has focus
0;Turn off building of SMIL on 1.9.2 branch
0;libnkgnomevfs is built with Firefox in libxul-sdk builds
0;NJ: Merge 64-bit integer comparison opcodes from tamarin-redux
0;Change JSScript macros to methods
0;Need API to copy the loaded data from one video element to another one with the same source
0;mochitest-plain: test_domWindowUtils.html fails intermittently
0;still get painting weirdness involving a <select> with a transparent background even after bug 511323
0;crash while browsing to and from a geolocation page
0;Don't use nsIBrowserInstance in Firefox
0;TM: useless malloc in the LeaveTree path
0;TM: use asm_ret to emit LIR_ret/LIR_fret [nanojit]
0;TM: Use newer codeAlloc() in x64 backend
0;TM: register allocate loop-spanning references
0;TM: load state after spilling
0;Fix image zoom in Firefox
0;TM: possible GC rooting bug with Google Docs
0;TM: show running test when trace-tests.py is interrupted by Ctrl+C
0;Thundirbird 3 AND Firefox freeze when you drag a mail attachment over a Firefox Window
0;Do not update page titles for places already in history inside the Private Browsing mode
0;js_GetMutableScope gives the scope a unique shape
0;TM: incorrect register hint for LIR_param for 386 backend [nanojit]
0;Bypassing XOW by using SJOW
0;nanojit: avoid using ~allocator.free
0;Crash with recursive web-worker calls [@XPCNativeSet::Mark]
1;Chromium use ActiveX Flash (not the NPAPI one) with potential WinINET cookie leak
0;[wince] Flash plugin not recognized in 1.9.2 nightly builds
0;nsIZipReader.findEntries (and consequently, jar directory browsing) broken after bug 332173
0;TM: unit string and int string for '0', '1'...'9' must be the same JSString
0;nanojit: kill reservations in the Sparc backend
0;Memory fencepost / integer underflow in ParseFTPList.cpp
0;[10.6] Browser freezing when clicking 'Help'
0;nanojit: make #ifdefs consistent for _fpuStkDepth
1;Investigate rte_fuzz crashes
0;crash [@ nsXULTreeGridCellAccessible::GetAttributesInternal(nsIPersistentProperties*)]
0;nsTreeSelection::SetTree doesn't addref the tree
0;Mozilla Firefox Cannot add bookmarks on AIX platform
1;Omnibox url spoofing on pending events in page unload
0;Implement a way to figure out if a shell split object is inner or outer
0;Cocoa unnecessarily repaints our views as soon as we paint a focus ring
1;Fatal assertion failure when getting gdk custom cursor on safari books
1;autocomplete entries submitted by javascript should not be stored in db (similar to autofill bug 48225)
1;autocomplete entries submitted by javascript should not be stored in db (similar to autofill bug 48225)
0;TM: testEliminatedGuardWithinAnchor.js is reported to fail on ARM (but is correct)
0;NJ merge:  A Container assertion and more VMPI insulation.
0;TM: Crash [@ JSObject::getClass] called through TraceRecorder::guardDenseArray
0;Seeking to the end of the stream causes problems
0;"Reimplement image properties, using the existing ""Media"" panel"
0;Null pointer in PresShell::UnsuppressAndInvalidate() leads to crash
0;Some floating point values crash VFP enabled CPUs
0;implement function to check whether element matches a CSS selector
0;TM: trace-test.py: option to run any test case under valgrind
0;NJ merge: Nativei386.h whitespace wibbles
0;back and forward buttons have the wrong orientation in RTL mode on OS X
0;"Two-finger trackpad scrolling triggers ""ASSERTION: aAllowScrollSpeedOverride is true but the quantity isn't by-line scrolling."""
0;LirWriter leak with regexp match in debug builds
0;Update libvorbis to pick up fix for some files encoded with libvorbis beta1
0;Crash [@ NPFFAddOn.dll@0x11867]
0;Only load known components from app directory
0;UMR in XPCWrappedNative::CallMethod
0;Investigate not interrupting reflow until enough time has elapsed
0;NJ: fix lirasm test failures
0;startup crash [@ nsPrefBranch::Observe(nsISupports*, char const*, unsigned short const*)] or [@ _purecall | nsPrefBranch::freeObserverList() | nsPrefBranch::Observe(nsISupports*, char const*, unsigned short const*)] (version3.0only)
0;Update Effective TLD list for .za.net and .za.org
0;Reset lightweight theme previews when leaving the source page
0;Add touch-enabled support for Hildon
1;Copy-and-paste or drag-and-drop into designMode document allows XSS
0;flush called during JSTraceMonitor::mark  may vex the recorder
0;"JS_Assert (s=0x4490c8 ""slot < OBJ_SCOPE(obj)->freeslot"", file=0x44899c ""js/src/jsops.cpp"", ln=2883)"
0;"Assertion failure: !(evalcg->flags & TCF_IN_FOR_INIT), at ../jsemit.cpp or ""Assertion failure: 0, at ../jsemit.cpp"""
0;Add touch-enabled support for Windows Mobile
0;use windows style paths for windows mobile build
0;Switching to a lightweight theme changes border widths
0;Investigate Ts regression from Aero Peek landing
0;OS/2 browser doesn't show anything in the main window
0;Geolocation Crashes Fennec
0;/content/ unit tests fail on JavaScript 'strict' mode
0;"TM: Crash [@ 0xdb001f12] or [@ JS_CallTracer] or ""Assertion failure: *flagp != GCF_FINAL, at ../jsgc.cpp"""
0;AeroPeek object leaks into global scope
0;"TM: ""Assertion failure: x->oprnd2() == lirbuf->sp || x->oprnd2() == lirbuf->state"" on ARM"
0;Crash [@ PL_DHashTableEnumerate] called from nsRootPresContext::GetPluginGeometryUpdates because nsPresContext::RootPresContext() can return non-nsRootPresContext object
0;Going back/forward to a page shows the default favicon briefly
0;Incessant slew of GetURLSpecFromFile warnings
0;TM: mostly cosmetic arm merges, merge ARM fcmp(e)d changes
0;crash replying to message that has attached eml [@ strlen | nsDateTimeFormatMac::FormatPRExplodedTime(nsILocale*, int, int, PRExplodedTime const*, nsAString_internal&)]
0;Implement inDeepTreeWalker::firstChild and ::nextSibling
0;RenderBadPicture fatal error closing tab
0;NJ merge: pick up some ARM changes
0;Text which was drag-dropped into TEXTAREA/INPUT is lost, after frame reconstruct
0;Remaining crash [@ WillDeadlock] after the fix for bug 514554
0;crash at shutdown with geo.enabled=false [@nsCOMArray_base::InsertObjectAt(nsISupports*, int)]
0;NJ: backport underrunprotects in ARM asm_cmpi
0;Chromeos valgrind leaks for system settings.
0;valgrind - Invalid Read of size 4 in nsMediaCacheStream::BlockList::NotifyBlockSwapped (mNextBlock/mPrevBlock)
0;Make optional out params actually work and allow [optional] before [retval]
1;Cross-domain data theft using CSS
0;Correctly serialize and deserialize nsNestedAboutURI::mBaseURI as the same interface, not as different ones
0;Crash stacks not unwound past XPCWrappedNative::CallMethod
0;credits update for 3.6
0;Add support for generic DLL blocklist
1;Firefox crash on image with src set to a resource with multipart/x-mixed-replace content type [@js_LookupPropertyWithFlags ] or [@RtlEnterCriticalSection ]
0;Leaks in GoogleURLTrackerTest::CreateRequestContext()
0;crash [@ nsZipArchive::BuildFileList] using jar: with the file protocol without a '/' for the root of the filesystem
0;Alt+Tab sometimes causes the menubar to unhide briefly
0;Detaching a tab by dragging it down into its content area stopped working
0;ClearWatch should not throw when given bad input
0;Remove nsIDOMGeoPositionError::message
0;Remove nsIDOMGeoPositionError::UNKNOWN_ERROR
1;FinishSharingTitle should skip fixed slots for slow array
0;"AIX Compilation error for 3.7a1pre source xpcom/io/nsLocalFileUnix.h"", line 97.13: 1540-0848 (S) The macro name ""STAT"" is already defined with a different definition"
1;Use-after-free error in HTML parser when handling out-of-memory conditions (SA37242)
0;UMR in nsCookieService::CountCookiesFromHostInternal, GetCookiesFromHost, and GetCookieInternal when given empty host string
1;Sandbox IPC out-of-bounds write in CrossCallParamsEx::CreateFromBuffer
0;Sandbox IPC out-of-bounds write in CrossCallParamsEx::CreateFromBuffer
0;access nsIDOMFileInternal in xpcom extension
0;random failures in sessionstore/test/browser/browser_526613.js, then timeout
0;ASSERTION: Failed to initialize nsScriptSecurityManager and abort/crash, on WINNT leak test build tinderbox
1;[@font-face] investigate support for OpenType sanitizer library
0;A simple text input.value change will no attribute right value if a div container display style is modified
0;Rename objects/properties to match File API spec
0;"Checking all prefs except ""Site Preferences"" shows confusing UI"
1;Untrusted events should not trigger autocomplete popup
0;Square characters in menus and tab titles
1;inDOMUtils::GetRuleNodeForContent can hand back a dead rulenode
1;Crash [@ txExecutionState::~txExecutionState]
1;Crash [@ js_GetUpvar]
0;Missing unit string check in js_IsAboutToBeFinalized and crash  [@ JS_IsAboutToBeFinalized ]
0;browser_522545.js frequent failure with Win debug builds, infrequent elsewhere
0;Home button lacks styling for the disabled state, breaking compatibility with the UsableHomeButton extension
0;crash [@ _pushpopupsenabledstate() ]
0;lockFile should catch IOError when open()ing lock file
0;pangox.h includes should be removed
1;Crash [@ nsXBLBinding::AllowScripts]
0;crash at [@ CFDictionaryGetValue] in Safari profile migration code
0;Scrolling in Feedly looks bad
0;Component returned failure code: 0x80004002 (NS_NOINTERFACE) [nsISupports.QueryInterface] errors on lots of pages
0;Error: gCrashReporter is not defined in the error Console, when load or reload web page
0;return early to avoid crashing
0;jQuery button won't fire
0;"Add pref to control whether addEngine prompts to ""use immediately"""
0;TM: new array with negative array length is not handled properly on trace
1;Crashes  [@ nsIFrame::GetStyleDisplay() ]
0;Maemo shouldn't use the true DPI
1;New crash [@ ExecuteTree] in Firefox 3.6b3
0;TM: move SoftFloatFilter upstream of CseFilter
1;Add assertion that it's safe to run scripts before dispatching any events (and fix the cases when events are dispatched at unsafe time)
1;Using SSM off main thread
1;Fix for bug 380474 does not work with security wrappers
1;BlockedPopupContainer::GetBlockedContents ReadAV@NULL (882a25e76e991e980ffce6adda7cfcc5)
0;Need to add licensing info from chromium to about:license
1;Investigate crash caused by Java plug-in using deleted WMP plug-in object (MSVR-09-0049)
0;only issue one NS_PAINT event for each WM_PAINT on WinMo
1;###!!! ASSERTION: Caller forgot to check ReadyToExecuteScripts()
0;GetFromClosure gives wrong output if cx->fp->callobj is our call object and argc > 0
1;Web Worker Array Handling Heap Corruption Vulnerability (ZDI-CAN-624)
0;crash [@ nsHTMLAreaElement::UnbindFromTree(int, int)]
0;Names added through external DOM classinfo don't resolve on global object
0;Need to add js/ctypes/libffi/ and js/ctypes/libffi_msvc/ to about:license
1;Geolocation use after free
1;Workers: Don't change the global object while GC is running
1;Crash at Wikipedia with -moz-column and list-item [@ nsLineBox::MarkDirty()] [@ nsBlockFrame::DoRemoveFrame(nsIFrame*, unsigned int)]
1;Heap buffer overflow and crash [@ nsGenericDOMDataNode::SetTextInternal] on 64-bit
1;Crash [@ nsBidiPresUtils::Resolve]
0;Image resized by percentage height does not change width in response to indirect height change
0;automation.py: WindowsError: [Error 13] The process cannot access the file because it is being used by another process
1;Assertion failure: (mContext)->tempValueRooters == (&mTvr)
1;XUL cache lets HTML and XUL share stylesheets, can allow remote webpages to break browser UI
0;TM: Crash under asmXPTC_InvokeByIndex
1;ASSERTION: This is unsafe with <iframe>, XBL
0;textarea on MozillaZine Forums has scrolling corruption
1;SSL spoofing using location.href and location.reload() with history.back() and history.forward()
1;Content-Disposition: attachment ignored if Content-Type: multipart also present
0;Unicode URLs are escaped in print titles
0;After double clicking on a google maps streetview a drag is started
0;Box shadow with spread radius is displayed without all given values
0;crash [@ nsJSScriptTimeoutHandler::SetLateness(unsigned int)]
0;VC7.1 confused by initialized declaration in for-statement conditional
0;DC leaked in vista tooltip/panel theming code
1;ASSERTION: invalid array index with glyphruns at YouTube